{"cameraMode":{"drawMode":0,"name":"Shaded","section":"Shading Mode"},"sceneLighting":false,"audioPlay":false,"sceneViewState":{"m_AlwaysRefresh":false,"showFog":true,"showSkybox":false,"showFlares":true,"showImageEffects":true,"showParticleSystems":true,"showVisualEffectGraphs":true,"m_FxEnabled":true},"in2DMode":false,"pivot":{"x":674.1265869140625,"y":1669.6903076171875,"z":-5.410308837890625},"rotation":{"x":0.004189992323517799,"y":-0.014401900582015515,"z":-0.00006040719381417148,"w":-0.9998875260353088},"size":306.1966857910156,"orthographic":false}